kr.co.happyict.rest.BoardRestController:100,src/main/java/kr/co/happyict/rest/BoardRestController.java:100
kr.co.happyict.rest.OneOnOneController:31,src/main/java/kr/co/happyict/rest/OneOnOneController.java:31
kr.co.happyict.rest.OneOnOneController:32,src/main/java/kr/co/happyict/rest/OneOnOneController.java:32
kr.co.happyict.rest.RestController:40,src/main/java/kr/co/happyict/rest/RestController.java:40
kr.co.happyict.rest.RestController:39,src/main/java/kr/co/happyict/rest/RestController.java:39
kr.co.happyict.rest.RestController:85,src/main/java/kr/co/happyict/rest/RestController.java:85
kr.co.happyict.service.impl.AccountServiceImpl:25,src/main/java/kr/co/happyict/service/impl/AccountServiceImpl.java:25
kr.co.happyict.service.impl.BoardManagementServiceImpl:24,src/main/java/kr/co/happyict/service/impl/BoardManagementServiceImpl.java:24
kr.co.happyict.service.impl.BoardManagementServiceImpl:20,src/main/java/kr/co/happyict/service/impl/BoardManagementServiceImpl.java:20
kr.co.happyict.service.impl.BoardServiceImpl:39,src/main/java/kr/co/happyict/service/impl/BoardServiceImpl.java:39
kr.co.happyict.service.impl.BoardServiceImpl:40,src/main/java/kr/co/happyict/service/impl/BoardServiceImpl.java:40
kr.co.happyict.service.impl.BoardServiceImpl:24,src/main/java/kr/co/happyict/service/impl/BoardServiceImpl.java:24
kr.co.happyict.service.impl.BoardServiceImpl:25,src/main/java/kr/co/happyict/service/impl/BoardServiceImpl.java:25
kr.co.happyict.service.impl.CodeServiceImpl:30,src/main/java/kr/co/happyict/service/impl/CodeServiceImpl.java:30
kr.co.happyict.service.impl.OneonOneServiceImpl:21,src/main/java/kr/co/happyict/service/impl/OneonOneServiceImpl.java:21
kr.co.happyict.service.impl.OneonReplyServiceImpl:17,src/main/java/kr/co/happyict/service/impl/OneonReplyServiceImpl.java:17
kr.co.happyict.service.impl.SurveyServiceImpl:27,src/main/java/kr/co/happyict/service/impl/SurveyServiceImpl.java:27
kr.co.happyict.util.CommonUtil:387,src/main/java/kr/co/happyict/util/CommonUtil.java:387
kr.co.happyict.util.DataEncryption:23,src/main/java/kr/co/happyict/util/DataEncryption.java:23
kr.co.happyict.util.HappyFile:295,src/main/java/kr/co/happyict/util/HappyFile.java:295
kr.co.happyict.util.HappyFile:566,src/main/java/kr/co/happyict/util/HappyFile.java:566
kr.co.happyict.util.HappyFile:546,src/main/java/kr/co/happyict/util/HappyFile.java:546
kr.co.happyict.util.HappyFile:259,src/main/java/kr/co/happyict/util/HappyFile.java:259
kr.co.happyict.util.HappyFile:369,src/main/java/kr/co/happyict/util/HappyFile.java:369
kr.co.happyict.util.HappyFile:402,src/main/java/kr/co/happyict/util/HappyFile.java:402
kr.co.happyict.util.HappyFile:186,src/main/java/kr/co/happyict/util/HappyFile.java:186
kr.co.happyict.util.KISA_SEED_CBC:12,src/main/java/kr/co/happyict/util/KISA_SEED_CBC.java:12
kr.co.happyict.util.KISA_SEED_CBC$Common:874,src/main/java/kr/co/happyict/util/KISA_SEED_CBC.java:874
kr.co.happyict.util.KISA_SEED_CBC$KISA_SEED_INFO:731,src/main/java/kr/co/happyict/util/KISA_SEED_CBC.java:731
kr.co.happyict.vo.AccountVO:8,src/main/java/kr/co/happyict/vo/AccountVO.java:8
kr.co.happyict.vo.AccountVO:9,src/main/java/kr/co/happyict/vo/AccountVO.java:9
kr.co.happyict.vo.BoardRestVO:7,src/main/java/kr/co/happyict/vo/BoardRestVO.java:7
kr.co.happyict.vo.BoardVO:10,src/main/java/kr/co/happyict/vo/BoardVO.java:10
kr.co.happyict.vo.BoardVO:10,src/main/java/kr/co/happyict/vo/BoardVO.java:10
kr.co.happyict.vo.BoardVO:10,src/main/java/kr/co/happyict/vo/BoardVO.java:10
kr.co.happyict.vo.BoardVO:10,src/main/java/kr/co/happyict/vo/BoardVO.java:10
kr.co.happyict.vo.BoardVO:10,src/main/java/kr/co/happyict/vo/BoardVO.java:10
kr.co.happyict.vo.BoardVO:11,src/main/java/kr/co/happyict/vo/BoardVO.java:11
kr.co.happyict.vo.BoardVO:11,src/main/java/kr/co/happyict/vo/BoardVO.java:11
kr.co.happyict.vo.BoardVO:11,src/main/java/kr/co/happyict/vo/BoardVO.java:11
kr.co.happyict.vo.BoardVO:11,src/main/java/kr/co/happyict/vo/BoardVO.java:11
kr.co.happyict.vo.BoardVO:11,src/main/java/kr/co/happyict/vo/BoardVO.java:11
kr.co.happyict.vo.LogVO:59,src/main/java/kr/co/happyict/vo/LogVO.java:59
kr.co.happyict.vo.LogVO:63,src/main/java/kr/co/happyict/vo/LogVO.java:63
kr.co.happyict.vo.LoginControlVO:86,src/main/java/kr/co/happyict/vo/LoginControlVO.java:86
kr.co.happyict.vo.LoginControlVO:94,src/main/java/kr/co/happyict/vo/LoginControlVO.java:94
kr.co.happyict.vo.LoginControlVO:90,src/main/java/kr/co/happyict/vo/LoginControlVO.java:90
kr.co.happyict.vo.LoginControlVO:98,src/main/java/kr/co/happyict/vo/LoginControlVO.java:98
